MaxCapacity,MaxStability,maxFoodyness,maxDrinking,maxRecreation
4795.0,1.115822962214765,5747.759999999999,3664.75,157.096028757275
